[
  {
    "bilet_number": 1,
    "question_number": 3,
    "question": "Tibbiyot qutichasi va o't o'chirgichi bo'lmagan qanday transport vositalaridan foydalanish taqiqlanadi?",
    "options": [
      "Faqat M1 toifali transport vositasi",
      "Faqat M2; M3; N1 toifali transport vositasi",
      "Faqat N2; N3 toifali transport vositasi",
      "Barcha yuqorida ko'rsatilgan toifalar"
    ],
    "correct_index": 3,
    "explanation": "YHQ 3-ilovasi 7.10-bandiga asosan: Transport vositalari quyidagilar bilan jihozlanmagan bo'lsa ulardan foydalanish taqiqlanadi: M2, M3 toifadagi — favqulodda holatlarda oynani sindirish uchun foydalaniladigan bolg'acha, tibbiyot qutichasi, 2 ta o't o'chirgich (bittasi haydovchining kabinasida, ikkinchisi — yo'lovchilar salonida), majburiy to'xtaganini bildiruvchi belgi (yoki miltillovchi qizil chiroq) va nur qaytargichli kamzul (jilet); M1, N1, N2, N3 toifadagi, mikroavtobus va g'ildirakli traktorlarda tibbiyot qutichasi, o't o'chirgich, majburiy to'xtaganligini bildiruvchi belgi (yoki miltillovchi qizil chiroq) va nur qaytargichli kamzul (jilet); M3, N2, N3 toifadagi — o'zi yurib ketishidan saqlovchi, g'ildirak diametriga muvofiq (kamida ikkita) tirgak; O toifadagi, traktorlar, aravalar va boshqa o'ziyurar mashinalarda — tashqi nur qaytargichlar; kajavali mototsikllarda — tibbiyot qutichasi, majburiy to'xtaganligini bildiruvchi belgi.",
    "image_url": null,
    "r2_url": null,
    "r2_key": null
  },
  {
    "bilet_number": 1,
    "question_number": 4,
    "question": "Chorrahadan birinchi bo'lib o'tadi:",
    "options": [
      "Qizil avtomobil",
      "Ko'k avtomobil",
      "Sariq avtomobil",
      "Yashil avtomobil"
    ],
    "correct_index": 3,
    "explanation": "YHQ 16-bobi 105-bandiga asosan: Teng ahamiyatga ega bo'lgan yo'llar kesishgan chorrahada relssiz transport vositasining haydovchisi o'ngdan kelayotgan transport vositalariga yo'l berishi shart.",
    "image_url": "https://avtoimtihon.uz/quiz-images/i1_4.webp",
    "r2_url": "https://pub-61bd58fbb16a47c0820ea45f933db817.r2.dev/questions/b01/q04_231f5d6291.webp",
    "r2_key": "questions/b01/q04_231f5d6291.webp"
  },
  {
    "bilet_number": 1,
    "question_number": 5,
    "question": "Harakatlanish taqiqlangan:",
    "options": [
      "Qizil va oq avtomobillarga",
      "Ko'k, yashil va oq avtomobillarga",
      "Oq, ko'k va sariq avtomobillarga"
    ],
    "correct_index": 1,
    "explanation": "YHQ 7-bobi 38-bandiga asosan: Tartibga soluvchining ishoralari quyidagi ma’noni bildiradi: Qo'llari yon tomonga uzatilganda yoki tushirilganda: chap va o'ng yon tomonidan tramvayga to'g'riga, relssiz transport vositalariga to'g'riga va o'ngga harakatlanishga, piyodalarga qatnov qismini kesib o'tishga ruxsat beriladi; old va orqa tomonidan barcha transport vositalari va piyodalarning harakatlanishi taqiqlanadi.",
    "image_url": "https://avtoimtihon.uz/quiz-images/i1_5.webp",
    "r2_url": "https://pub-61bd58fbb16a47c0820ea45f933db817.r2.dev/questions/b01/q05_0bc3d376e2.webp",
    "r2_key": "questions/b01/q05_0bc3d376e2.webp"
  },
  {
    "bilet_number": 1,
    "question_number": 6,
    "question": "Qaysi transport vositasining haydovchisi chorrahadan birinchi bo'lib o'tadi?",
    "options": [
      "Avtomobil va avtobus haydovchisi",
      "Tramvay haydovchisi"
    ],
    "correct_index": 0,
    "explanation": "YHQ 15-bobi 100-bandiga asosan: Svetoforning taqiqlovchi qizil yoki sariq ishorasi bilan bir vaqtda yongan qo'shimcha tarmoqning ko'rsatkichli yashil ishorasi yo'nalishida harakatlanayotgan haydovchi boshqa yo'nalishlardan harakatlanayotgan transport vositalariga yo'l berishi kerak.",
    "image_url": "https://avtoimtihon.uz/quiz-images/i1_6.webp",
    "r2_url": "https://pub-61bd58fbb16a47c0820ea45f933db817.r2.dev/questions/b01/q06_e39a61a05a.webp",
    "r2_key": "questions/b01/q06_e39a61a05a.webp"
  },
  {
    "bilet_number": 1,
    "question_number": 7,
    "question": "Shu joyda to'xtab turishga ruxsat etiladimi?",
    "options": [
      "Ruxsat etiladi",
      "Taqiqlanadi"
    ],
    "correct_index": 0,
    "explanation": "YHQ 13-bobi 91-bandiga asosan: qatnov qismi kesishmalarida va kesishayotgan qatnov qismi chetiga 30 metrdan kam masofada to'xtash taqiqlanadi.",
    "image_url": "https://avtoimtihon.uz/quiz-images/i1_7.webp",
    "r2_url": "https://pub-61bd58fbb16a47c0820ea45f933db817.r2.dev/questions/b01/q07_6496cd719b.webp",
    "r2_key": "questions/b01/q07_6496cd719b.webp"
  },
  {
    "bilet_number": 1,
    "question_number": 8,
    "question": "Haydovchi harakatlanishni boshlashdan oldin qanday amallarni bajarishi kerak?",
    "options": [
      "Transport vositasining sozligini va to'la jihozlanganligini tekshirishi",
      "Harakatlanish boshlanishi xavfsiz bo'lishiga va harakatning boshqa ishtirokchilariga xalaqit bermasligiga ishonch hosil qilishi",
      "Tegishli yo'nalishdagi burilishning yorug'lik ko'rsatkichi bilan ishora berishi",
      "Sanab o'tilgan barcha harakatlarni bajarishi"
    ],
    "correct_index": 1,
    "explanation": "YHQ 9-bobi 53-bandiga asosan: Haydovchi harakatlanishni boshlash, manyovr qilish va toʻxtashdan oldin bajarilayotgan manyovr boshqa yo'l harakati qatnashchilariga xavf tug'dirmasligi kerak.",
    "image_url": null,
    "r2_url": null,
    "r2_key": null
  },
  {
    "bilet_number": 1,
    "question_number": 9,
    "question": "Umurtqa pog'onasining ko'krak sohasi shikastlangan jabrlanuvchini transportda qanday tashish kerak?",
    "options": [
      "Qattiq taxtada orqasi bilan yotgan holda",
      "Yumshoq to'shamada orqasi bilan yotgan holda",
      "Qattiq taxtada yoni bilan yotgan holda"
    ],
    "correct_index": 0,
    "explanation": "Umurtqa pog'onasi shikastlanganda orqa miyani jarohatlanishidan saqlash uchun jabrlanuvchini qattiq tekislikda, minimal siljitish bilan tashish lozim.",
    "image_url": null,
    "r2_url": null,
    "r2_key": null
  },
  {
    "bilet_number": 1,
    "question_number": 10,
    "question": "Bunday taniqlik belgisi bilan belgilanadigan transport vositasi:",
    "options": [
      "Og'ir vaznli va yirik o'lchamli yuklarni tashuvchi",
      "Uzunligi yuk bilan yoki yuksiz 20 metrdan ortiq bo'lgan transport vositasi",
      "Furgon yukxonasida odamlarni tashuvchi"
    ],
    "correct_index": 1,
    "explanation": "YHQ 29-bobi 176-bandiga asosan: “Uzun o'lchamli transport vositasi” — yukli va yuksiz uzunligi 20 metrdan oshadigan transport vositasi yoki ikki va undan ko'proq tirkamali avtopoyezd.",
    "image_url": "https://avtoimtihon.uz/quiz-images/i1_10.webp",
    "r2_url": "https://pub-61bd58fbb16a47c0820ea45f933db817.r2.dev/questions/b01/q10_b734a0baa2.webp",
    "r2_key": "questions/b01/q10_b734a0baa2.webp"
  }
]
